{"cameraMode":{"drawMode":0,"name":"Shaded","section":"Shading Mode"},"sceneLighting":true,"audioPlay":false,"sceneViewState":{"showFog":true,"showMaterialUpdate":false,"showSkybox":true,"showFlares":true,"showImageEffects":true,"showParticleSystems":true},"in2DMode":false,"pivot":{"x":14.319658279418946,"y":14.815665245056153,"z":-0.09360146522521973},"rotation":{"x":0.2078399658203125,"y":-0.682647168636322,"z":0.21253788471221925,"w":0.6675500273704529},"size":1.3395936489105225,"orthographic":false}