{"cameraMode":{"drawMode":0,"name":"Shaded","section":"Shading Mode"},"sceneLighting":false,"audioPlay":false,"sceneViewState":{"showFog":true,"showMaterialUpdate":false,"showSkybox":true,"showFlares":true,"showImageEffects":true,"showParticleSystems":true},"in2DMode":false,"pivot":{"x":60.823848724365237,"y":133.18797302246095,"z":21.67498016357422},"rotation":{"x":-0.16669242084026338,"y":-0.7078054547309876,"z":0.17796309292316438,"w":-0.6629889011383057},"size":38.424774169921878,"orthographic":false}