{"cameraMode":{"drawMode":0,"name":"Shaded","section":"Shading Mode"},"sceneLighting":false,"audioPlay":false,"sceneViewState":{"showFog":true,"showMaterialUpdate":false,"showSkybox":true,"showFlares":true,"showImageEffects":true,"showParticleSystems":true},"in2DMode":false,"pivot":{"x":-4.330300331115723,"y":30.420574188232423,"z":-263.85009765625},"rotation":{"x":-0.23389364778995515,"y":0.5709480047225952,"z":-0.17399731278419496,"w":-0.7674874663352966},"size":103.83643341064453,"orthographic":false}