{"cameraMode":{"drawMode":0,"name":"Shaded","section":"Shading Mode"},"sceneLighting":true,"audioPlay":false,"sceneViewState":{"showFog":true,"showMaterialUpdate":false,"showSkybox":true,"showFlares":true,"showImageEffects":true,"showParticleSystems":true},"in2DMode":false,"pivot":{"x":-0.8148431777954102,"y":-3.7401113510131838,"z":0.23481915891170503},"rotation":{"x":0.38545164465904238,"y":0.596445620059967,"z":-0.3940516412258148,"w":0.5834407210350037},"size":19.94588279724121,"orthographic":false}