{"cameraMode":{"drawMode":0,"name":"Shaded","section":"Shading Mode"},"sceneLighting":false,"audioPlay":false,"sceneViewState":{"showFog":true,"showMaterialUpdate":false,"showSkybox":true,"showFlares":true,"showImageEffects":true,"showParticleSystems":true},"in2DMode":false,"pivot":{"x":55.29264450073242,"y":-1.053857445716858,"z":1.2157573699951172},"rotation":{"x":-0.24596600234508515,"y":-0.07722008973360062,"z":0.01966395601630211,"w":-0.9659975171089172},"size":83.45345306396485,"orthographic":false}