{"cameraMode":{"drawMode":0,"name":"Shaded","section":"Shading Mode"},"sceneLighting":false,"audioPlay":false,"sceneViewState":{"showFog":true,"showMaterialUpdate":false,"showSkybox":true,"showFlares":true,"showImageEffects":true,"showParticleSystems":true},"in2DMode":false,"pivot":{"x":38.707035064697269,"y":137.41505432128907,"z":37.441123962402347},"rotation":{"x":-0.3363271653652191,"y":0.10649415105581284,"z":-0.03830820322036743,"w":-0.934920072555542},"size":66.4607925415039,"orthographic":false}