{"cameraMode":{"drawMode":0,"name":"Shaded","section":"Shading Mode"},"sceneLighting":true,"audioPlay":false,"sceneViewState":{"showFog":true,"showMaterialUpdate":false,"showSkybox":true,"showFlares":true,"showImageEffects":true,"showParticleSystems":true},"in2DMode":false,"pivot":{"x":89.39797973632813,"y":33.2499885559082,"z":0.0},"rotation":{"x":0.4166859984397888,"y":0.09509166330099106,"z":-0.043882038444280627,"w":0.9029976725578308},"size":117.62126159667969,"orthographic":false}