{"cameraMode":{"drawMode":0,"name":"Shaded","section":"Shading Mode"},"sceneLighting":false,"audioPlay":false,"sceneViewState":{"showFog":true,"showMaterialUpdate":false,"showSkybox":true,"showFlares":true,"showImageEffects":true,"showParticleSystems":true},"in2DMode":false,"pivot":{"x":15.120002746582032,"y":61.30665588378906,"z":-0.9999985694885254},"rotation":{"x":0.09645844250917435,"y":-0.9007586240768433,"z":0.2598198354244232,"w":0.334399938583374},"size":168.542236328125,"orthographic":false}