{"cameraMode":{"drawMode":0,"name":"Shaded","section":"Shading Mode"},"sceneLighting":false,"audioPlay":false,"sceneViewState":{"showFog":true,"showMaterialUpdate":false,"showSkybox":true,"showFlares":true,"showImageEffects":true,"showParticleSystems":true},"in2DMode":false,"pivot":{"x":74.197998046875,"y":-20.070192337036134,"z":-7.610219955444336},"rotation":{"x":-0.7210135459899902,"y":-0.02282004989683628,"z":0.023774173110723497,"w":-0.6921370029449463},"size":98.27523040771485,"orthographic":false}